,N,Mean,SD,Min,Q1,Median,Q3,Max,Missing
helpful_vote,700808.0,0.9238036666248102,5.473788263706497,0.0,0.0,0.0,1.0,646.0,0
AI_generated_score,700808.0,0.11274438703328712,0.2740736666681619,0.00024006149033084512,0.00028357840346870944,0.000795213010860607,0.03243683557957411,0.9992436170578003,0
rating,700808.0,3.9601959452517663,1.4943649070649645,1.0,3.0,5.0,5.0,5.0,0
text_length,700808.0,32.784367472974054,45.9848899857809,1.0,8.0,19.0,40.0,2585.0,0
